employee_Id,first_name,last_name,email,salary
0,Katrina,Pitts,joseph19@example.net,7175
1,Bryan,Barrett,gbrooks@example.org,6298
2,Allison,Barnes,cody87@example.net,4112
3,Karen,Bruce,reedleslie@example.net,9872
4,Jason,Branch,evelyn94@example.net,4275
5,Robert,Parks,jbenson@example.com,8638
6,Bethany,Bell,gpowell@example.com,8438
7,Jessica,Anderson,ospencer@example.net,6139
8,Faith,Arellano,eallison@example.net,6457
9,Susan,Harrison,smithlindsey@example.net,3934
10,Jeremy,Wells,schultzluis@example.org,9675
11,Briana,Swanson,lesterkara@example.com,4172
12,Denise,Atkinson,jarnold@example.com,7372
13,John,Patton,marie76@example.com,8196
14,Jane,Reese,kaitlynbrewer@example.net,8827
15,Lacey,Roy,howellchristina@example.com,4240
16,Matthew,Owen,powerskaren@example.com,3783
17,Mark,Gibbs,michaeltorres@example.com,9015
18,Joseph,Hudson,derek93@example.net,9979
19,Judy,Walker,akim@example.net,8198
20,Donald,Jacobs,brandonbrown@example.org,5779
21,Robert,Wang,michaelmckinney@example.com,3842
22,Aaron,Wilson,jnicholson@example.org,3969
23,Kathryn,Green,princediane@example.com,6419
24,Lee,Ingram,johnsonbrian@example.org,5405
25,James,Nelson,owilliams@example.org,4816
26,Jonathan,Jones,chall@example.com,8120
27,Jennifer,Reed,traceywilson@example.com,3169
28,Christine,Reyes,martinezsarah@example.com,6884
29,Monica,Hurley,cameronedwards@example.org,3200
30,Olivia,Valentine,lowerymark@example.net,3338
31,Lisa,Romero,jeffreyallen@example.net,3918
32,George,Smith,robert01@example.net,3028
33,Matthew,Potts,justinguzman@example.org,8270
34,Holly,Lopez,devans@example.org,4979
35,Jonathan,Bryan,scott61@example.org,8499
36,Teresa,Hendricks,raven26@example.net,9686
37,Michael,Smith,brandon24@example.org,8867
38,Lauren,Armstrong,jonestimothy@example.org,4893
39,Vanessa,Larson,gguerrero@example.org,6311
40,Sherry,Knight,eric70@example.org,9029
41,Lindsey,Hinton,jhoward@example.net,6335
42,Gary,Mcbride,bobby69@example.net,9354
43,Troy,Luna,hoffmansteven@example.net,6202
44,Aaron,Gomez,bayers@example.com,3321
45,Danielle,Hernandez,qscott@example.net,9064
46,Elizabeth,Whitehead,bellis@example.net,5778
47,Allen,Durham,hannah66@example.com,7946
48,Andrea,Lopez,melissa27@example.org,4005
49,Carlos,Holland,moralesmary@example.com,9981
50,Jerry,Smith,falvarez@example.org,7114
51,Scott,Cobb,lmorgan@example.org,5350
52,Steven,Jones,valerierhodes@example.org,7995
53,Brian,Berger,justinflowers@example.org,3548
54,Laurie,Alexander,joshuamurillo@example.net,8986
55,Jacqueline,Jackson,dhayes@example.com,9566
56,Lauren,Morrison,sextonshawn@example.com,3971
57,Lisa,Salazar,nielsendeborah@example.com,7697
58,Sandra,Reyes,mary80@example.net,3534
59,Jessica,Holt,ryan68@example.com,7137
60,Andrew,Goodman,dawnklein@example.org,4282
61,Nathan,Dyer,cynthia06@example.com,9882
62,Samuel,Moore,alexandranelson@example.com,7419
63,Andrew,Davis,psmith@example.org,5224
64,William,Wilson,daniel72@example.org,4134
65,James,Simon,emma22@example.net,9711
66,Amy,Bishop,susangross@example.org,9276
67,Michael,Baldwin,hernandezstephanie@example.org,4229
68,Susan,Mitchell,owatts@example.net,4100
69,Bobby,Cox,hernandezbryan@example.net,7680
70,Tracy,Johnson,kmckenzie@example.org,8329
71,Peter,Johnson,nscott@example.com,4250
72,Anna,Ramirez,lance20@example.com,9848
73,John,Smith,kimberly92@example.com,4836
74,Nicole,May,ufowler@example.com,3783
75,Natasha,Orozco,ucastro@example.com,7457
76,Kathryn,Mcknight,msmith@example.net,7262
77,Jeffrey,Alvarado,morrisearl@example.com,5089
78,Andrew,Castaneda,uschneider@example.org,7404
79,Maria,Monroe,anthony99@example.org,9892
80,Michael,Gonzalez,gregorylisa@example.com,3383
81,Jennifer,Lee,murphygregory@example.net,3460
82,Kelly,White,matthewtyler@example.com,5976
83,Crystal,Hays,ubenson@example.com,6449
84,Shawn,Hunt,twilliams@example.com,7746
85,Elizabeth,Austin,perkinssamantha@example.org,8671
86,Amber,Huff,warmstrong@example.net,7512
87,Joseph,Ray,robertswhitney@example.net,3439
88,Logan,Burke,jgregory@example.com,6042
89,Andrea,Munoz,lwade@example.com,9449
90,Austin,Friedman,daltonmartin@example.org,9767
91,Mary,Sparks,marvin54@example.org,3720
92,Steven,Reynolds,brendasmith@example.com,9349
93,Theresa,Drake,bmarquez@example.com,4273
94,Christopher,George,austinhailey@example.com,6625
95,Daniel,Valdez,lauraford@example.org,5263
96,Timothy,Wilson,denise56@example.com,8817
97,Pamela,Richardson,kpadilla@example.org,7100
98,Tamara,Duncan,aprilcastro@example.net,9573
99,Brian,Adams,megan61@example.org,6194
